<?xml version='1.0' encoding='UTF-8'?>
<hopsanobjectappearance version="0.3">
    <modelobject sourcecode="MechanicRotationalInterfaceC.hpp" typename="MechanicRotationalInterfaceC" displayname="Mechanic Rotational Interface of C-type">
        <icons>
            <icon scale="1" path="MechanicRotationalInterfaceC.svg" iconrotation="ON" type="user"/>
            <icon scale="1" path="MechanicRotationalInterfaceC.svg" iconrotation="ON" type="iso"/>
        </icons>
        <help>
            <md>MechanicRotationalInterfaceC.md</md>
        </help>
        <ports>
            <port x="0" y="0.5" a="0" name="P1"/>
        </ports>
    </modelobject>
</hopsanobjectappearance>
